species,age,band_number,mass,wing,tarsus,fat,location,taxon,foraging,temp,season,year,time
AMGO,HY,2750-20797,11.4,53,16.3,0.5,Forb,finch,foliage glean,70,Fall,2019,800
AMGO,,2750-20730,12.8,70,12.8,0,Forb,finch,foliage glean,58,Spring,2019,0850
AMGO,HY,2750-20807,11.1,67,14.8,0.5,Forb,finch,foliage glean,40,Fall,2019,850
AMGO,HY,2750-20429,12.9,68,14.9,1,Forb,finch,foliage glean,39,Fall,2017,
AMGO,,2750-20720,11.7,68,14.9,1.5,Forb,finch,foliage glean,38,Spring,2019,0900
AMGO,AHY,2750-20834,12.5,70,14.7,1,Forb,finch,foliage glean,35,Fall,2019,915
AMGO,,2750-20458,13.7,68,15.3,2,Forb,finch,foliage glean,48,Spring,2018,0815
AMGO,HY,2750-20541,12.5,67,15.8,0.5,Forb,finch,foliage glean,34,Fall,2018,0940
AMGO,AHY,2750-20565,13.7,71,14.7,1.5,Forb,finch,foliage glean,33,Fall,2018,0900
AMGO,HY,2750-20561,12.1,70,15,1,Forb,finch,foliage glean,33,Fall,2018,0815
AMGO,HY,2750-20803,13,67,15.9,1,Forb,finch,foliage glean,40,Fall,2019,835
AMGO,HY,2750-20822,12.6,70,15.1,0.5,Forb,finch,foliage glean,41,Fall,2019,850
AMGO,HY,2750-20833,13.2,69,15.4,0.5,Forb,finch,foliage glean,35,Fall,2019,915
AMGO,HY,2750-20793,11.9,70,15.2,0.5,Forb,finch,foliage glean,56,Fall,2019,1120
AMGO,HY,2750-20537,12.1,69,15.5,1,Forb,finch,foliage glean,52,Fall,2018,1020
AMGO,HY,2750-20534,,68,15.8,1,Forb,finch,foliage glean,52,Fall,2018,1020
AMGO,,2750-20473,13.9,70,15.3,0.5,Forb,finch,foliage glean,58,Spring,2018,0650
AMGO,HY,2750-20827,11.7,70,15.3,0,Forb,finch,foliage glean,41,Fall,2019,930
AMGO,AHY,2750-20532,13.4,65,16.8,1,Forb,finch,foliage glean,52,Fall,2018,0805
AMGO,,2750-20715,13.7,71,15.1,1,Forb,finch,foliage glean,38,Spring,2019,0835
AMGO,AHY,2750-20828,12,70,15.4,1,Forb,finch,foliage glean,41,Fall,2019,950
AMGO,HY,2750-20812,12.9,69,15.7,1,Forb,finch,foliage glean,40,Fall,2019,1000
AMGO,HY,2750-20825,12.5,71,15.2,0.5,Forb,finch,foliage glean,41,Fall,2019,900
AMGO,HY,2750-20574,11.3,69,15.8,1,Forb,finch,foliage glean,33,Fall,2018,0934
AMGO,HY,2750-20512,12.3,68,16.1,1.5,Forb,finch,foliage glean,70,Fall,2018,0845
AMGO,,2750-20487,12.6,71,15.3,0.5,Forb,finch,foliage glean,59,Spring,2018,0956
AMGO,AHY,2750-20567,13.1,70,15.6,1.5,Forb,finch,foliage glean,33,Fall,2018,0907
AMGO,,2750-20711,13.2,70,15.6,1,Forb,finch,foliage glean,38,Spring,2019,0700
AMGO,HY,2750-20522,11.9,69,15.9,0,Forb,finch,foliage glean,53,Fall,2018,0825
AMGO,HY,2750-20558,13.8,68,16.2,1.5,Forb,finch,foliage glean,33,Fall,2018,0810
AMGO,HY,2750-20832,12.2,72,15.1,0.5,Forb,finch,foliage glean,35,Fall,2019,915
AMGO,HY,2750-20809,13.1,70,15.7,0.5,Forb,finch,foliage glean,40,Fall,2019,1000
AMGO,HY,2750-20808,12.1,74,14.6,0.5,Forb,finch,foliage glean,40,Fall,2019,850
AMGO,HY,2750-20564,13.7,72,15.2,1.5,Forb,finch,foliage glean,33,Fall,2018,0856
AMGO,HY,2750-20815,12.5,72,15.2,0,Forb,finch,foliage glean,41,Fall,2019,806
AMGO,HY,2750-20432,12.4,71,15.5,1,Forb,finch,foliage glean,34,Fall,2017,0940
AMGO,,2750-20486,12.3,71,15.5,0.5,Forb,finch,foliage glean,58,Spring,2018,0947
AMGO,,2750-20477,12.7,70,15.8,0,Forb,finch,foliage glean,61,Spring,2018,0801
AMGO,HY,2750-20528,12.4,70,15.8,0,Grass,finch,foliage glean,56,Fall,2018,0834
AMGO,HY,2750-20816,11.6,69,16.1,0,Forb,finch,foliage glean,41,Fall,2019,816
AMGO,HY,2750-20823,13.2,73,15,0.5,Forb,finch,foliage glean,41,Fall,2019,900
AMGO,HY,2750-20523,11.2,72,15.3,0,Forb,finch,foliage glean,53,Fall,2018,0832
AMGO,HY,2750-20814,13.1,72,15.3,1,Forb,finch,foliage glean,41,Fall,2019,730
AMGO,AHY,2750-20813,12.8,72,15.3,0.5,Forb,finch,foliage glean,41,Fall,2019,738
AMGO,HY,2750-20830,11.5,72,15.3,1,Forb,finch,foliage glean,41,Fall,2019,950
AMGO,HY,2750-20570,12.3,71,15.6,1,Forb,finch,foliage glean,33,Fall,2018,0920
AMGO,HY,2750-20540,12.1,68,16.5,1.5,Forb,finch,foliage glean,52,Fall,2018,1020
AMGO,AHY,2750-20475,13.5,74,14.8,0.5,Forb,finch,foliage glean,56,Fall,2019,950
AMGO,,2750-20729,12.3,72,15.4,0.5,Forb,finch,foliage glean,58,Spring,2019,0850
AMGO,HY,2750-20539,12.3,71,15.7,1,Forb,finch,foliage glean,52,Fall,2018,1020
AMGO,,2750-20724,13.2,71,15.7,0.5,Forb,finch,foliage glean,41,Spring,2019,0842
AMGO,AHY,2750-20821,12,71,15.7,0,Forb,finch,foliage glean,41,Fall,2019,850
AMGO,HY,2750-20836,14.2,71,15.7,1,Forb,finch,foliage glean,35,Fall,2019,915
AMGO,HY,2750-20545,11.6,72,15.5,1,Forb,finch,foliage glean,35,Fall,2018,1010
AMGO,HY,2750-20516,13.4,71,15.8,0,Forb,finch,foliage glean,70,Fall,2018,0950
AMGO,HY,2750-20527,12.8,71,15.8,0,Grass,finch,foliage glean,56,Fall,2018,0834
AMGO,HY,2750-20569,,71,15.8,1.5,Forb,finch,foliage glean,33,Fall,2018,0917
AMGO,,2750-20572,14.3,71,15.8,1,Forb,finch,foliage glean,33,Fall,2018,0926
AMGO,AHY,2750-20799,13.1,72,15.6,1.5,Forb,finch,foliage glean,70,Fall,2019,940
AMGO,HY,2750-20824,13.6,72,15.6,1,Forb,finch,foliage glean,41,Fall,2019,900
AMGO,HY,2750-20829,12.6,72,15.6,1,Forb,finch,foliage glean,41,Fall,2019,945
AMGO,,2750-20464,13.9,70,16.2,1,Forb,finch,foliage glean,49,Spring,2018,0752
AMGO,AHY,2750-20544,13.5,72,15.7,2,Forb,finch,foliage glean,35,Fall,2018,0846
AMGO,HY,2750-20806,12.9,72,15.7,0.5,Forb,finch,foliage glean,40,Fall,2019,850
AMGO,HY,2750-20535,12.5,70,16.3,1,Forb,finch,foliage glean,52,Fall,2018,1020
AMGO,HY,2750-20522,11.9,73,15.5,0,Forb,finch,foliage glean,41,Fall,2018,0820
AMGO,HY,2750-20568,13.3,73,15.5,1,Forb,finch,foliage glean,33,Fall,2018,0912
AMGO,AHY,2750-20573,12.3,73,15.5,1,Forb,finch,foliage glean,33,Fall,2018,0930
AMGO,,2750-20714,13.2,73,15.5,0.5,Forb,finch,foliage glean,38,Spring,2019,0835
AMGO,,2750-20731,13.3,73,15.5,0.5,Forb,finch,foliage glean,34,Spring,2019,0940
AMGO,AHY,2750-20819,13,73,15.5,0.5,Forb,finch,foliage glean,41,Fall,2019,850
AMGO,,2750-20475,13.3,74.5,15.1,1,Forb,finch,foliage glean,61,Spring,2018,0730
AMGO,HY,2750-20538,13.1,71,16.2,0.5,Forb,finch,foliage glean,52,Fall,2018,1020
AMGO,HY,2750-20826,11.9,71,16.2,1,Forb,finch,foliage glean,41,Fall,2019,900
AMGO,HY,2750-20563,13.4,73,15.7,1,Forb,finch,foliage glean,33,Fall,2018,0856
AMGO,,2750-20728,14.3,73,15.8,1,Forb,finch,foliage glean,52,Spring,2019,0812
AMGO,HY,2750-20792,13.1,73,15.8,0,Forb,finch,foliage glean,56,Fall,2019,1041
AMGO,,2750-20492,13.4,72,16.1,0,Forb,finch,foliage glean,66,Fall,2018,
AMGO,,2750-20483,11.8,71,16.4,0.5,Forb,finch,foliage glean,66,Spring,2018,0826
AMGO,AHY,2750-20430,12.8,70.5,16.6,2,Forb,finch,foliage glean,39,Fall,2017,
AMGO,HY,2750-20818,12.4,72,16.2,0,Forb,finch,foliage glean,41,Fall,2019,816
AMGO,,2750-20480,12.4,71,16.5,0,Forb,finch,foliage glean,51,Spring,2018,0917
AMGO,,2750-20482,12.9,71,16.5,0,Forb,finch,foliage glean,66,Spring,2018,0801
AMGO,HY,2750-20536,12.6,70,16.8,1,Forb,finch,foliage glean,52,Fall,2018,1020
AMGO,,2750-20476,13.1,74,15.7,0.5,Forb,finch,foliage glean,38,Spring,2019,0735
AMGO,,2750-20835,13.1,74,15.7,1,Forb,finch,foliage glean,35,Fall,2019,915
AMGO,HY,2750-20431,14.1,73.5,16,1,Forb,finch,foliage glean,39,Fall,2017,
AMGO,AHY,2750-20530,12.7,73,16.2,1,Forb,finch,foliage glean,40,Fall,2018,1043
AMGO,,2750-20482,12.9,73,16.3,1,Forb,finch,foliage glean,38,Spring,2019,0735
AMGO,,2750-20479,12.7,74,16.1,0,Forb,finch,foliage glean,61,Spring,2018,0845
AMGO,AHY,2750-20571,13.9,74,16.1,1,Forb,finch,foliage glean,33,Fall,2018,0923
AMGO,HY,2750-20791,12.8,74,16.1,0.5,Forb,finch,foliage glean,56,Fall,2019,950
AMGO,HY,2750-20521,,72,16.9,0,Forb,finch,foliage glean,41,Fall,2018,0820
AMGO,AHY,2750-20543,15.9,74,16.5,1,Forb,finch,foliage glean,35,Fall,2018,0846
AMGO,,2750-20463,14.3,72,17.7,1,Forb,finch,foliage glean,49,Spring,2018,0752
AMGO,,2750-20433,13.3,72,17.9,,Forb,finch,foliage glean,31,Fall,2017,1112
AMGO,,2750-20476,12.8,73.5,18.5,0,Forb,finch,foliage glean,61,Spring,2018,0801
AMGO,,2750-20462,13.9,74,19.6,0.5,Forb,finch,foliage glean,49,Spring,2018,0752
AMGO,,,12.6,,,,Forb,finch,foliage glean,31,Fall,2017,1112
AMGO,,2750-20529,12.7,,,0.5,Forb,finch,foliage glean,40,Fall,2018,1043
AMGO,,2750-20566,12.3,,,1.5,Forb,finch,foliage glean,33,Fall,2018,0906
AMGO,,,,,,,Forb,finch,foliage glean,40,Fall,2019,850
AMGO,,,,,,,Forb,finch,foliage glean,41,Fall,2019,x
AMGO,,,,,,,Forb,finch,foliage glean,41,Fall,2019,x
AMGO,,,,,,,Forb,finch,foliage glean,41,Fall,2019,x
AMGO,,,,,,,Forb,finch,foliage glean,41,Fall,2019,x
AMGO,,,,,,,Forb,finch,foliage glean,41,Fall,2019,x
AMGO,,,,,,,Forb,finch,foliage glean,41,Fall,2019,x
AMGO,,,,,,,Forb,finch,foliage glean,41,Fall,2019,x
AMRO,,1372-64198,75.9,126,34.2,0,Forb,thrush,ground glean,39,Spring,2019,0910
AMRO,,1372-64120,73,121,36.8,0,Forb,thrush,ground glean,67,Spring,2018,0921
AMRO,,1372-64192,83,132,34.9,0,Forb,thrush,ground glean,42,Spring,2019,0710
AMRO,,1372-64119,80.8,129,36.7,0,Forb,thrush,ground glean,49,Spring,2018,0935
AMRO,,1372-64199,79.6,128,37.1,0,Forb,thrush,ground glean,39,Spring,2019,0930
AMRO,,1372-64195,72.3,,,0,Forb,thrush,ground glean,38,Spring,2019,0851
ATSP,AHY,2750-20585,15.2,68,21.7,1,Grass,sparrow,ground glean,33,Fall,2018,0921
ATSP,HY,2750-20553,14.7,69,21.5,0.5,Grass,sparrow,ground glean,44,Fall,2018,0906
ATSP,HY,2750-20559,15.3,67,22.2,1,Forb,sparrow,ground glean,33,Fall,2018,0810
ATSP,HY,2750-20551,14.9,70,21.4,1,Forb,sparrow,ground glean,33,Fall,2018,0833
ATSP,AHY,2750-20441,16.8,68,22,1,Forb,sparrow,ground glean,33,Fall,2017,0915
ATSP,HY,2750-20548,16.0,72,21.0,0.5,Forb,sparrow,ground glean,28,Fall,2018,0842
ATSP,,2750-20706,17.2,69,21.9,2,Forb,sparrow,ground glean,40,Spring,2019,0848
ATSP,HY,2750-20858,16.5,71,21.4,0.5,Grass,sparrow,ground glean,14,Fall,2019,840
ATSP,HY,2750-20859,15.6,70,21.7,1,Grass,sparrow,ground glean,14,Fall,2019,930
ATSP,HY,2750-20582,15.8,71,21.5,0.5,Grass,sparrow,ground glean,33,Fall,2018,0906
ATSP,HY,2750-20450,16.2,72,21.3,2,Forb,sparrow,ground glean,14,Fall,2017,0945
ATSP,HY,2750-20581,14.7,70,21.9,0.5,Grass,sparrow,ground glean,33,Fall,2018,0902
ATSP,HY,2750-20702,15.3,70,21.9,1,Forb,sparrow,ground glean,30,Fall,2018,0906
ATSP,AHY,2750-20600,15.0,71,21.7,1,Forb,sparrow,ground glean,42,Fall,2018,0830
ATSP,HY,2750-20857,14.3,71,21.8,0,Grass,sparrow,ground glean,14,Fall,2019,840
ATSP,HY,2750-20861,15.6,70,22.1,1,Grass,sparrow,ground glean,14,Fall,2019,930
ATSP,AHY,2750-20580,14.8,69,22.4,1.5,Grass,sparrow,ground glean,33,Fall,2018,0857
ATSP,HY,2750-20591,17.3,70,22.2,0,Forb,sparrow,ground glean,42,Fall,2018,0830
ATSP,HY,2750-20449,15.5,69,22.5,1,Forb,sparrow,ground glean,33,Fall,2017,1003
ATSP,AHY,2750-20847,14.8,72,21.7,0.5,Forb,sparrow,ground glean,22,Fall,2019,838
ATSP,HY,2750-20856,14.9,70,22.3,0.5,Grass,sparrow,ground glean,14,Fall,2019,840
ATSP,AHY,2750-20852,14.9,72,21.8,0.5,Forb,sparrow,ground glean,22,Fall,2019,838
ATSP,AHY,2521-30591,16.6,71,22.1,1,Grass,sparrow,ground glean,33,Fall,2018,0935
ATSP,HY,2750-20589,17.4,71,22.1,0.5,Grass,sparrow,ground glean,33,Fall,2018,0957
ATSP,AHY,2750-20704,16.8,71,22.1,1,Forb,sparrow,ground glean,30,Fall,2018,0916
ATSP,HY,2750-20700,16.4,70,22.4,0,Forb,sparrow,ground glean,42,Fall,2018,0830
ATSP,AHY,2750-20447,14.8,69,22.7,0.5,Forb,sparrow,ground glean,33,Fall,2017,1003
ATSP,AHY,2750-20434,15.2,71,22.2,1,Forb,sparrow,ground glean,33,Fall,2017,0808
ATSP,HY,2750-20594,15.6,71,22.2,0.5,Forb,sparrow,ground glean,42,Fall,2018,0830
ATSP,HY,2750-20599,17.3,71,22.2,0,Forb,sparrow,ground glean,42,Fall,2018,0830
ATSP,HY,2750-20703,15.4,71,22.2,0.5,Forb,sparrow,ground glean,30,Fall,2018,0906
ATSP,HY,2750-20557,16.4,73,21.7,1,Grass,sparrow,ground glean,44,Fall,2018,0932
ATSP,AHY,2750-20448,15.1,71,22.4,1,Forb,sparrow,ground glean,33,Fall,2017,1003
ATSP,HY,2750-20860,16.1,73,21.9,1,Grass,sparrow,ground glean,14,Fall,2019,930
ATSP,AHY,2750-20862,17.9,73,21.9,0.5,Grass,sparrow,ground glean,14,Fall,2019,930
ATSP,HY,2750-20596,15.4,72,22.2,1,Forb,sparrow,ground glean,42,Fall,2018,0830
ATSP,HY,2750-20593,15.6,70,22.8,1,Forb,sparrow,ground glean,42,Fall,2018,0830
ATSP,AHY,2750-20549,16.4,73,22.0,0.5,Forb,sparrow,ground glean,28,Fall,2018,0846
ATSP,AHY,2750-20592,16.3,72,22.3,0,Forb,sparrow,ground glean,42,Fall,2018,0830
ATSP,HY,2750-20840,15.5,72,22.3,1,Grass,sparrow,ground glean,40,Fall,2019,805
ATSP,HY,2750-20583,17.5,73,22.1,1,Grass,sparrow,ground glean,33,Fall,2018,0911
ATSP,AHY,2750-20442,15.7,70,23,1,Forb,sparrow,ground glean,33,Fall,2017,0915
ATSP,AHY,2750-20855,17.6,72,22.5,0.5,Forb,sparrow,ground glean,22,Fall,2019,838
ATSP,AHY,2750-20552,16.5,71,22.8,1,Grass,sparrow,ground glean,44,Fall,2018,0816
ATSP,AHY,2750-20445,16.8,71,22.9,1,Forb,sparrow,ground glean,33,Fall,2017,1003
ATSP,AHY,2750-20595,16.8,71,22.9,0,Forb,sparrow,ground glean,42,Fall,2018,0830
ATSP,HY,2750-20576,17.9,74,22.1,1,Grass,sparrow,ground glean,33,Fall,2018,0820
ATSP,AHY,2750-20579,15.8,74,22.1,0.5,Grass,sparrow,ground glean,33,Fall,2018,0854
ATSP,AHY,2750-20547,16.9,73,22.4,0.5,Grass,sparrow,ground glean,28,Fall,2018,0905
ATSP,HY,2750-20597,16.8,73,22.4,0.5,Forb,sparrow,ground glean,42,Fall,2018,0830
ATSP,HY,2750-20584,16.7,72,22.7,0,Grass,sparrow,ground glean,33,Fall,2018,0915
ATSP,HY,2750-20444,16.5,70,23.3,1,Forb,sparrow,ground glean,33,Fall,2017,0915
ATSP,AHY,2750-20846,16,74,22.2,1,Forb,sparrow,ground glean,22,Fall,2019,825
ATSP,AHY,2750-20839,16.6,76,21.8,1,Forb,sparrow,ground glean,38,Fall,2019,944
ATSP,AHY,2750-20851,15,75,22.1,0.5,Forb,sparrow,ground glean,22,Fall,2019,838
ATSP,AHY,2750-20446,16,73,22.7,1,Forb,sparrow,ground glean,33,Fall,2017,1003
ATSP,HY,2750-20841,16.3,76,21.9,1,Grass,sparrow,ground glean,25,Fall,2019,900
ATSP,HY,2750-20849,15.5,76,21.9,1,Forb,sparrow,ground glean,22,Fall,2019,838
ATSP,AHY,2750-20845,16.1,75,22.2,0.5,Forb,sparrow,ground glean,22,Fall,2019,825
ATSP,HY,2750-20578,16.9,74,22.5,1,Grass,sparrow,ground glean,33,Fall,2018,0820
ATSP,AHY,2750-20853,15.8,74,22.5,0.5,Forb,sparrow,ground glean,22,Fall,2019,838
ATSP,AHY,2750-20435,15.4,72,23.1,0,Forb,sparrow,ground glean,33,Fall,2017,0915
ATSP,HY,2750-20598,15.8,72,23.1,0,Forb,sparrow,ground glean,42,Fall,2018,0830
ATSP,AHY,2750-20438,15.4,74,22.6,0.5,Forb,sparrow,ground glean,33,Fall,2017,0910
ATSP,HY,2750-20560,16.6,72,23.2,1.5,Forb,sparrow,ground glean,33,Fall,2018,0815
ATSP,AHY,2750-20556,17.5,76,22.1,0.5,Grass,sparrow,ground glean,44,Fall,2018,0922
ATSP,HY,2750-20550,17.5,74,22.7,1,Forb,sparrow,ground glean,28,Fall,2018,0850
ATSP,HY,2750-20575,16.6,74,22.7,0.5,Forb,sparrow,ground glean,33,Fall,2018,0951
ATSP,AHY,2750-20577,16.8,74,22.8,1,Grass,sparrow,ground glean,33,Fall,2018,0820
ATSP,HY,2750-20843,16.8,77,22,0.5,Grass,sparrow,ground glean,20,Fall,2019,930
ATSP,AHY,2750-20587,17.7,76,22.3,0.5,Grass,sparrow,ground glean,33,Fall,2018,0951
ATSP,AHY,2750-20844,16.3,74,22.9,0.5,Forb,sparrow,ground glean,22,Fall,2019,812
ATSP,HY,2750-20555,18.4,75,22.7,1.5,Grass,sparrow,ground glean,44,Fall,2018,0922
ATSP,HY,2750-20590,17.3,72,23.7,1,Grass,sparrow,ground glean,33,Fall,2018,1000
ATSP,AHY,2750-20850,13.4,77,22.3,0.5,Forb,sparrow,ground glean,22,Fall,2019,838
ATSP,HY,2750-20451,17.9,71.5,23.9,1,Forb,sparrow,ground glean,14,Fall,2017,1020
ATSP,HY,2750-20842,15.6,74,23.2,1,Grass,sparrow,ground glean,20,Fall,2019,807
ATSP,HY,2750-20588,17.2,73,23.5,0,Grass,sparrow,ground glean,33,Fall,2018,0952
ATSP,HY,2750-20705,17.0,76,22.8,0,Forb,sparrow,ground glean,30,Fall,2018,0920
ATSP,HY,2750-20562,18.3,75,23.1,0.5,Forb,sparrow,ground glean,33,Fall,2018,0847
ATSP,HY,2750-20554,17.9,76,23,0.5,Grass,sparrow,ground glean,44,Fall,2018,0916
ATSP,AHY,2750-20854,14.2,79,22.2,0.5,Forb,sparrow,ground glean,22,Fall,2019,838
ATSP,AHY,2750-20586,18.3,76,23.2,1,Grass,sparrow,ground glean,33,Fall,2018,0937
ATSP,AHY,2750-20443,18.8,75,23.5,1,Forb,sparrow,ground glean,33,Fall,2017,0915
ATSP,AHY,2750-20848,17.9,77,23.2,0.5,Forb,sparrow,ground glean,22,Fall,2019,838
ATSP,AHY,2750-20439,17.4,76,23.5,1,Forb,sparrow,ground glean,33,Fall,2017,0915
ATSP,AHY,2750-20437,18.1,74.5,24.1,1,Forb,sparrow,ground glean,33,Fall,2017,0905
ATSP,AHY,2750-20453,17.5,76,23.7,2,Forb,sparrow,ground glean,14,Fall,2017,1034
ATSP,HY,2750-20436,17.8,74.5,24.3,1,Forb,sparrow,ground glean,33,Fall,2017,0915
ATSP,AHY,2750-20452,18.3,76,24,2,Forb,sparrow,ground glean,14,Fall,2017,1028
ATSP,AHY,2750-20440,18.6,76.5,23.9,1,Forb,sparrow,ground glean,33,Fall,2017,0915
ATSP,AHY,2750-20442,15.5,,,1,Forb,sparrow,ground glean,14,Fall,2017,1028
ATSP,,,18.2,,,,Grass,sparrow,ground glean,44,Fall,2018,0805
COYE,HY,2750-20795,10.2,51,21.7,1,Grass,warbler,Foliage glean,61,Fall,2019,750
COYE,,2750-20485,12.5,50,22.2,1.5,Forb,warbler,Foliage glean,58,Spring,2018,0855
COYE,,2750-20474,11.2,54,21.4,0.5,Forb,warbler,Foliage glean,58,Spring,2018,0645
COYE,AHY,2750-20515,13.6,52,22.1,2.5,Forb,warbler,Foliage glean,70,Fall,2018,0935
COYE,,2750-20481,9.8,49,23.1,0,Forb,warbler,Foliage glean,66,Spring,2018,0801
COYE,HY,2750-20787,11.8,51,22.6,2,Forb,warbler,Foliage glean,63,Fall,2019,933
COYE,AHY,2750-20786,14.5,53,22.1,3.5,Forb,warbler,Foliage glean,63,Fall,2019,750
COYE,,2750-20726,9.6,52,22.5,0.5,Forb,warbler,Foliage glean,50,Spring,2019,1015
COYE,HY,2750-20794,9.6,50,23.1,0.5,Grass,warbler,Foliage glean,61,Fall,2019,750
COYE,,2750-20725,9.6,54,22.3,1,Forb,warbler,Foliage glean,50,Spring,2019,1015
COYE,,2750-20504,12.2,52,23.1,2,Forb,warbler,Foliage glean,63,Fall,2018,1020
COYE,HY,2750-20513,10.5,54,22.6,0.5,Forb,warbler,Foliage glean,70,Fall,2018,0845
COYE,HY,2750-20496,10.2,54,22.7,0.5,Forb,warbler,foliage glean,66,Fall,2018,
COYE,HY,2750-20510,10.7,54,22.7,1.5,Forb,warbler,Foliage glean,57,Fall,2018,0806
COYE,AHY,2750-20514,12.4,52,23.4,2.5,Forb,warbler,Foliage glean,70,Fall,2018,0845
COYE,AHY,2750-20817,10,58,21.7,1,Forb,warbler,Foliage glean,41,Fall,2019,816
COYE,HY,2750-20788,10.3,56,22.3,1,Forb,warbler,Foliage glean,52,Fall,2019,800
COYE,AHY,2571-20523,9.8,54,23.0,0.5,Forb,warbler,Foliage glean,41,Fall,2018,0845
COYE,,2750-20727,10.5,55,22.8,1,Forb,warbler,Foliage glean,52,Spring,2019,0756
COYE,HY,2750-20798,11.9,55,23.2,2,Grass,warbler,Foliage glean,62,Fall,2019,830
COYE,HY,2750-20782,11.5,56,23,2,Forb,warbler,Foliage glean,61,Fall,2019,805
COYE,,,,,,,Forb,warbler,Foliage glean,50,Spring,2019,0850
DICK,HY,1951-33265,28.7,81,24.1,1,Grass,bunting,ground forager,40,Fall,2019,845
DICK,,2571-58288,31,81,24.8,1,Forb,bunting,ground forager,44,Spring,2019,0820
DICK,,2571-58100,29.4,81,26.2,0.5,Forb,bunting,ground forager,61,Spring,2018,0948
DICK,,2571-58208,29.8,82.5,26.2,1.5,Forb,bunting,ground forager,56,Spring,2018,0804
DICK,HY,1951-33257,31.7,84,26.5,1.5,Forb,bunting,ground forager,61,Fall,2019,905
DICK,,2571-58210,28,89,26.1,0,Forb,bunting,ground forager,51,Spring,2018,1045
DICK,,2571-58211,28,88,26.4,0.5,Forb,bunting,ground forager,66,Spring,2018,0645
DICK,,2571-58215,29.4,89,26.9,0,Forb,bunting,ground forager,67,Spring,2018,0928
HASP,AHY,1951-33229,32.9,83,23.1,0.5,Forb,sparrow,ground glean,31,Fall,2018,0820
HASP,AHY,1951-33242,31.2,78,26.1,1,Grass,sparrow,ground glean,33,Fall,2018,0830
HASP,AHY,1951-33261,30.5,81,25.8,1,Grass,sparrow,ground glean,25,Fall,2019,930
HASP,AHY,1951-33240,29.7,81,26.1,0.5,Forb,sparrow,ground glean,28,Fall,2018,0835
HASP,AHY,1951-33237,31.4,81,26.5,1,Forb,sparrow,ground glean,34,Fall,2018,0950
HASP,AHY,1951-33264,30.5,81,26.6,1,Forb,sparrow,ground glean,34,Fall,2019,845
HASP,AHY,1951-33268,32.1,85,25.5,1.5,Forb,sparrow,ground glean,22,Fall,2019,825
HASP,AHY,1951-33267,33.4,81,26.7,1,Grass,sparrow,ground glean,25,Fall,2019,945
HASP,,1951-33231,33.0,83,26.2,1,Forb,sparrow,ground glean,31,Fall,2018,0935
HASP,AHY,1951-33233,36.3,79,27.6,0.5,Forb,sparrow,ground glean,31,Fall,2018,1055
HASP,AHY,1951-33238,32.2,81,27.2,1,Forb,sparrow,ground glean,49,Fall,2018,0815
HASP,HY,1951-33241,34.0,85,26.8,1,Grass,sparrow,ground glean,33,Fall,2018,0830
HASP,HY,1951-33297,32.7,90,25.8,0,Forb,sparrow,ground glean,34,Fall,2018,0930
HASP,AHY,1951-33232,34.5,86,27.1,0.5,Forb,sparrow,ground glean,31,Fall,2018,1046
HASP,AHY,1951-33239,37.4,88,26.6,2,Forb,sparrow,ground glean,28,Fall,2018,0811
HASP,AHY,1951-33259,32.5,88,26.7,1,Grass,sparrow,ground glean,40,Fall,2019,845
HASP,HY,1951-33298,35.6,85,27.6,1,Forb,sparrow,ground glean,34,Fall,2018,0859
HASP,HY,1951-33228,35.2,87,27.1,1,Forb,sparrow,ground glean,31,Fall,2018,0803
HASP,AHY,1951-33234,39.1,84,28.1,1,Forb,sparrow,ground glean,31,Fall,2018,1116
HASP,,1951-33215,33.5,87,28.2,1,Forb,sparrow,ground glean,34,Fall,2017,0910
HASP,HY,1951-33235,32.2,86,28.6,0.5,Forb,sparrow,ground glean,49,Fall,2018,0826
HASP,HY,1951-33262,34.9,89,27.8,0.5,Forb,sparrow,ground glean,34,Fall,2019,820
HASP,HY,1951-33263,34.7,88,28.1,0.5,Forb,sparrow,ground glean,34,Fall,2019,845
HASP,HY,1951-33260,32.8,90,27.8,1,Grass,sparrow,ground glean,40,Fall,2019,845
HASP,,,,,,,Forb,sparrow,ground glean,31,Fall,2018,1025
HASP,,1951-33266,30.4,,,1,Grass,sparrow,ground glean,40,Fall,2019,805
LCSP,HY,2521-30559,13.9,50,18.3,0.5,Forb,sparrow,ground glean,65,Fall,2019,831
LCSP,HY,2521-30594,12.8,51,18.9,1,Grass,sparrow,ground glean,44,Fall,2018,0756
LCSP,HY,2521-30372,12.1,49,19.7,1,Grass,sparrow,ground glean,31,Fall,2018,0758
LCSP,HY,2521-30504,12,52,18.9,1,Grass,sparrow,ground glean,25,Fall,2019,1030
LCSP,HY,2521-30595,12.1,52,19.7,1.5,Grass,sparrow,ground glean,44,Fall,2018,0755
LCSP,HY,2521-30788,11.5,47,21.2,1,Forb,sparrow,ground glean,39,Fall,2017,
LCSP,AHY,2521-30600,13.4,52,20.0,1,Grass,sparrow,ground glean,28,Fall,2018,0757
LCSP,HY,2521-30599,12.7,50,20.6,1,Forb,sparrow,ground glean,28,Fall,2018,0809
LCSP,HY,2521-30331,11.8,51,20.4,1,Grass,sparrow,ground glean,49,Fall,2018,0835
LCSP,AHY,2521-30654,12.6,51,20.4,1,Grass,sparrow,ground glean,25,Fall,2019,1000
LCSP,HY,2521-30386,12.7,50,20.7,0.5,Forb,sparrow,ground glean,34,Fall,2018,0920
LCSP,HY,2521-30530,12.8,53,19.9,1,Forb,sparrow,ground glean,35,Fall,2019,816
LCSP,HY,2521-30608,13.7,52,20.2,2,Forb,sparrow,ground glean,34,Fall,2019,845
LCSP,AHY,2521-30658,12.8,55,19.6,1.5,Grass,sparrow,ground glean,20,Fall,2019,854
LCSP,HY,2521-30374,12.6,53,20.4,1.5,Grass,sparrow,ground glean,31,Fall,2018,0832
LCSP,HY,2521-30364,12.1,52,21.0,0.5,Grass,sparrow,ground glean,34,Fall,2018,0800
LCSP,,2521-30645,13.5,,,1,Grass,sparrow,ground glean,40,Fall,2019,805
LISP,HY,2521-30566,13.8,53,21.2,1,Forb,sparrow,ground glean,70,Fall,2019,850
LISP,AHY,2521-30796,14.4,56.5,21.6,1,Forb,sparrow,ground glean,34,Fall,2017,
LISP,HY,2521-30370,14.8,57,21.5,2,Forb,sparrow,ground glean,33,Fall,2018,0825
LISP,AHY,2521-30544,15.8,57,21.8,2.5,Grass,sparrow,ground glean,40,Fall,2019,905
LISP,HY,2521-30657,17.8,57,21.8,2.5,Grass,sparrow,ground glean,25,Fall,2019,1000
LISP,HY,2521-30520,12.7,58,21.6,3,Forb,sparrow,ground glean,35,Fall,2019,900
LISP,HY,2521-30568,16.7,60,21.1,1.5,Grass,sparrow,ground glean,61,Fall,2019,750
LISP,HY,2521-30519,15.4,60,21.1,0.5,Forb,sparrow,ground glean,35,Fall,2019,900
LISP,AHY,2521-30556,18.3,57,22,3,Forb,sparrow,ground glean,40,Fall,2019,1000
LISP,AHY,2521-30389,15.6,57,22.1,1.5,Forb,sparrow,ground glean,31,Fall,2018,1050
LISP,AHY,2521-30565,15.4,57,22.1,1.5,Forb,sparrow,ground glean,70,Fall,2019,800
LISP,AHY,2521-30330,14.8,56,22.4,0.5,Forb,sparrow,ground glean,45,Fall,2018,0830
LISP,,2750-20471,18.3,58.5,21.7,2.5,Forb,sparrow,ground glean,49,Spring,2018,0918
LISP,HY,2521-30551,15.5,62,20.8,0.5,Forb,sparrow,ground glean,40,Fall,2019,1000
LISP,,2521-30586,15.5,60,21.4,1.5,Forb,sparrow,ground glean,56,Spring,2019,0833
LISP,HY,2521-30512,17.1,59,21.7,2,Grass,sparrow,ground glean,25,Fall,2019,930
LISP,HY,2521-30365,18.5,56,22.6,3,Grass,sparrow,ground glean,34,Fall,2018,1000
LISP,,2750-20460,16.4,59,21.8,1.5,Forb,sparrow,ground glean,49,Spring,2018,0752
LISP,AHY,2521-30328,13.8,58,22.1,0,Grass,sparrow,ground glean,36,Fall,2018,0923
LISP,,2750-20461,15.6,57,22.4,2,Forb,sparrow,ground glean,49,Spring,2018,0752
LISP,HY,2521-30560,15.7,60,21.6,1,Forb,sparrow,ground glean,65,Fall,2019,820
LISP,HY,2521-30569,16.4,59,21.9,2,Forb,sparrow,ground glean,54,Fall,2019,730
LISP,HY,2521-30661,17,59,21.9,1.5,Grass,sparrow,ground glean,20,Fall,2019,930
LISP,HY,2521-30345,14.8,58,22.2,1,Forb,sparrow,ground glean,29,Fall,2018,0841
LISP,HY,2521-30305,16.4,57.5,22.4,2,Forb,sparrow,ground glean,49,Fall,2018,1012
LISP,HY,2521-30390,16.3,61,21.4,1.5,Forb,sparrow,ground glean,31,Fall,2018,1101
LISP,HY,2521-30563,15.1,61,21.4,2,Forb,sparrow,ground glean,70,Fall,2019,816
LISP,,2521-30615,15.7,61,21.4,0.5,Forb,sparrow,ground glean,34,Fall,2019,915
LISP,HY,2521-30605,18,60,21.7,3.5,Forb,sparrow,ground glean,34,Fall,2019,820
LISP,AHY,2521-30305,14.4,59,22.0,0.5,Forb,sparrow,ground glean,47,Fall,2018,0800
LISP,HY,2521-30518,15.5,59,22,1,Forb,sparrow,ground glean,35,Fall,2019,1004
LISP,HY,2521-30326,16.7,57,22.6,2,Forb,sparrow,ground glean,52,Fall,2018,1020
LISP,AHY,2521-30567,15.9,60,21.8,2,Grass,sparrow,ground glean,61,Fall,2019,750
LISP,HY,2521-30511,16.8,59,22.1,1.5,Grass,sparrow,ground glean,25,Fall,2019,930
LISP,,2521-30311,15.8,58,22.4,2,Grass,sparrow,ground glean,53,Fall,2018,0934
LISP,HY,2521-30352,17.2,58,22.4,2,Forb,sparrow,ground glean,38,Fall,2018,0756
LISP,HY,2521-30315,14.2,57,22.7,1.5,Forb,sparrow,ground glean,40,Fall,2018,0903
LISP,AHY,2521-30562,16,57,22.7,1.5,Forb,sparrow,ground glean,65,Fall,2019,745
LISP,HY,2521-30593,18.4,61,21.6,3,Grass,sparrow,ground glean,44,Fall,2018,0819
LISP,AHY,2521-30542,13.8,61,21.6,1,Forb,sparrow,ground glean,41,Fall,2019,806
LISP,AHY,2521-30623,16.3,61,21.6,1,Grass,sparrow,ground glean,40,Fall,2019,930
LISP,HY,2521-30536,18.8,60,21.9,1,Grass,sparrow,ground glean,40,Fall,2019,740
LISP,AHY,2521-30329,19.9,59,22.2,3,Forb,sparrow,ground glean,45,Fall,2018,0830
LISP,HY,2521-30400,14.3,59,22.2,1,Forb,sparrow,ground glean,49,Fall,2018,0820
LISP,HY,2521-30553,14,59,22.2,0.5,Forb,sparrow,ground glean,40,Fall,2019,1000
LISP,AHY,2521-30505,18.1,61,21.7,2.5,Grass,sparrow,ground glean,25,Fall,2019,1030
LISP,AHY,2521-30634,18.2,61,21.7,2.5,Grass,sparrow,ground glean,40,Fall,2019,1056
LISP,AHY,2521-30523,17.3,59,22.3,1.5,Forb,sparrow,ground glean,35,Fall,2019,800
LISP,HY,2521-30307,15.2,57,22.9,2,Forb,sparrow,ground glean,65,Fall,2018,0842
LISP,,2750-20465,17.4,56,23.2,2,Forb,sparrow,ground glean,49,Spring,2018,0910
LISP,,2750-20468,19.2,59.5,22.2,2,Forb,sparrow,ground glean,49,Spring,2018,0746
LISP,HY,2521-30655,17.3,63,21.2,2,Grass,sparrow,ground glean,25,Fall,2019,1000
LISP,HY,2521-30590,20.3,62,21.5,3,Forb,sparrow,ground glean,42,Fall,2018,0815
LISP,HY,2521-30636,16.2,60,22.1,1.5,Forb,sparrow,ground glean,38,Fall,2019,825
LISP,AHY,2521-30335,18.1,61,21.9,3,Grass,sparrow,ground glean,49,Fall,2018,0945
LISP,AHY,2521-30534,17.1,61,21.9,1.5,Grass,sparrow,ground glean,40,Fall,2019,845
LISP,HY,2521-30622,18.2,61,21.9,2.5,Grass,sparrow,ground glean,40,Fall,2019,917
LISP,HY,2521-30592,17.2,60,22.2,2,Forb,sparrow,ground glean,33,Fall,2018,0938
LISP,AHY,2521-30652,18.6,60,22.2,2.5,Grass,sparrow,ground glean,25,Fall,2019,840
LISP,HY,2521-30791,15.8,55.9,23.4,1.5,Forb,sparrow,ground glean,45,Fall,2017,
LISP,HY,2521-30525,17.3,63,21.4,2,Forb,sparrow,ground glean,35,Fall,2019,815
LISP,HY,2521-30349,15.6,61,22.0,2,Forb,sparrow,ground glean,29,Fall,2018,0944
LISP,AHY,2521-30558,17,60,22.3,1.5,Forb,sparrow,ground glean,40,Fall,2019,840
LISP,HY,2521-30527,15.2,60,22.3,1,Forb,sparrow,ground glean,35,Fall,2019,800
LISP,HY,2521-30606,15.4,60,22.3,1,Forb,sparrow,ground glean,34,Fall,2019,837
LISP,HY,2521-30355,15.9,62,21.8,1,Forb,sparrow,ground glean,38,Fall,2018,0853
LISP,,2750-20470,18.5,61,22.1,3,Forb,sparrow,ground glean,49,Spring,2018,0803
LISP,HY,2521-30379,15.3,61,22.1,1.5,Grass,sparrow,ground glean,24,Fall,2018,0915
LISP,HY,2521-30552,14.4,61,22.1,0.5,Forb,sparrow,ground glean,40,Fall,2019,1000
LISP,HY,2521-30533,16.8,61,22.1,2,Grass,sparrow,ground glean,40,Fall,2019,845
LISP,AHY,2521-30376,15.7,61,22.2,1.5,Grass,sparrow,ground glean,31,Fall,2018,0903
LISP,AHY,2521-30549,16.4,61,22.2,1,Grass,sparrow,ground glean,40,Fall,2019,750
LISP,HY,2521-30522,15,61,22.2,1,Forb,sparrow,ground glean,35,Fall,2019,800
LISP,HY,2521-30314,14.2,60,22.5,0.5,Forb,sparrow,ground glean,40,Fall,2018,0816
LISP,HY,2521-30521,17.9,60,22.5,3,Forb,sparrow,ground glean,35,Fall,2019,800
LISP,AHY,2521-30597,16.1,59,22.8,2.5,Forb,sparrow,ground glean,28,Fall,2018,0830
LISP,HY,2521-30545,13.5,59,22.8,1,Grass,sparrow,ground glean,40,Fall,2019,815
LISP,,2750-20472,19.6,58,23.1,3,Forb,sparrow,ground glean,49,Spring,2018,0951
LISP,,2750-20466,19.2,60.5,22.4,3,Forb,sparrow,ground glean,49,Spring,2018,0930
LISP,HY,2521-30394,18.6,61,22.3,1.5,Grass,sparrow,ground glean,35,Fall,2018,0822
LISP,HY,2521-30617,18.8,61,22.3,3,Forb,sparrow,ground glean,34,Fall,2019,915
LISP,AHY,2521-30793,15,58,23.2,2,Forb,sparrow,ground glean,34,Fall,2017,0814
LISP,HY,2521-30383,16.6,62,22.1,0.5,Forb,sparrow,ground glean,34,Fall,2018,1040
LISP,AHY,2521-30543,17.5,62,22.1,1.5,Forb,sparrow,ground glean,41,Fall,2019,748
LISP,AHY,2521-30509,17.9,62,22.1,2,Grass,sparrow,ground glean,25,Fall,2019,1000
LISP,,2750-20455,16.6,61,22.4,,Forb,sparrow,ground glean,44,Spring,2018,0913
LISP,AHY,2521-30334,18.5,61,22.4,3,Grass,sparrow,ground glean,49,Fall,2018,0945
LISP,HY,2521-30361,15.5,61,22.4,0.5,Forb,sparrow,ground glean,38,Fall,2018,1012
LISP,AHY,2521-30612,18.5,60,22.7,3,Forb,sparrow,ground glean,34,Fall,2019,915
LISP,HY,2521-30795,15.8,59,23,3,Forb,sparrow,ground glean,34,Fall,2017,0910
LISP,AHY,2521-30325,15.2,59,23.0,1,Forb,sparrow,ground glean,52,Fall,2018,0945
LISP,AHY,2521-30341,18.9,62,22.2,2.5,Forb,sparrow,ground glean,29,Fall,2018,0800
LISP,HY,2521-30613,18.3,62,22.2,2.5,Forb,sparrow,ground glean,34,Fall,2019,915
LISP,HY,2521-30790,16.8,62,22.3,1,Forb,sparrow,ground glean,39,Fall,2017,
LISP,AHY,2521-30346,16.5,61,22.6,0.5,Forb,sparrow,ground glean,29,Fall,2018,0845
LISP,HY,2521-30630,16.6,61,22.6,1,Grass,sparrow,ground glean,40,Fall,2019,1042
LISP,HY,2521-30524,17.2,63,22.1,1,Forb,sparrow,ground glean,35,Fall,2019,800
LISP,HY,2521-30353,15.7,62,22.4,0.5,Forb,sparrow,ground glean,38,Fall,2018,0836
LISP,HY,2521-30399,16.9,62,22.4,1,Grass,sparrow,ground glean,35,Fall,2018,0955
LISP,AHY,2521-30631,19.5,62,22.4,4,Grass,sparrow,ground glean,40,Fall,2019,1045
LISP,HY,2521-30316,15.6,61,22.7,1,Forb,sparrow,ground glean,40,Fall,2018,0903
LISP,,2521-30566,16.9,61,22.7,2,Grass,sparrow,ground glean,61,Fall,2019,920
LISP,HY,2521-30786,14.6,59,23.3,1,Forb,sparrow,ground glean,39,Fall,2017,
LISP,HY,2521-30640,18.5,62,22.5,2,Forb,sparrow,ground glean,38,Fall,2019,935
LISP,AHY,2521-30369,17.9,61,22.8,2,Forb,sparrow,ground glean,34,Fall,2018,1014
LISP,AHY,2521-30604,17,61,22.8,2,Grass,sparrow,ground glean,39,Fall,2019,935
LISP,HY,2521-30359,16.0,60,23.1,0.5,Forb,sparrow,ground glean,38,Fall,2018,1002
LISP,,2750-20469,19.3,59,23.4,4,Forb,sparrow,ground glean,49,Spring,2018,0746
LISP,HY,2521-30378,16.1,61,22.9,0.5,Grass,sparrow,ground glean,31,Fall,2018,1004
LISP,HY,2521-30555,17.9,61,22.9,2.5,Forb,sparrow,ground glean,40,Fall,2019,1000
LISP,HY,2521-30557,15.7,60,23.2,0.5,Forb,sparrow,ground glean,40,Fall,2019,905
LISP,HY,2521-30603,16.1,60,23.2,2,Grass,sparrow,ground glean,39,Fall,2019,900
LISP,HY,2521-30320,16.5,59,23.5,1,Forb,sparrow,ground glean,52,Fall,2018,0830
LISP,AHY,2521-30308,16.7,63,22.4,1,Forb,sparrow,ground glean,66,Fall,2018,0852
LISP,HY,2521-30532,16.8,62,22.7,1.5,Grass,sparrow,ground glean,40,Fall,2019,917
LISP,HY,2521-30508,16.5,61,23,1,Grass,sparrow,ground glean,25,Fall,2019,930
LISP,,2521-30576,18.2,60,23.3,3,Forb,sparrow,ground glean,28,Spring,2019,0925
LISP,,2521-30546,15.8,64,22.2,1,Grass,sparrow,ground glean,40,Fall,2019,815
LISP,HY,2521-30548,16.9,64,22.2,1.5,Grass,sparrow,ground glean,40,Fall,2019,815
LISP,HY,2521-30628,18,64,22.2,2,Grass,sparrow,ground glean,40,Fall,2019,1033
LISP,AHY,2521-30514,20.2,62,22.8,2.5,Grass,sparrow,ground glean,25,Fall,2019,930
LISP,HY,2521-30610,18.1,62,22.8,1,Forb,sparrow,ground glean,34,Fall,2019,915
LISP,AHY,2521-30625,16.8,62,22.8,1,Grass,sparrow,ground glean,40,Fall,2019,951
LISP,HY,2521-30395,16.2,61,23.1,2,Forb,sparrow,ground glean,35,Fall,2018,0830
LISP,HY,2521-30539,15.7,61,23.1,0.5,Forb,sparrow,ground glean,41,Fall,2019,930
LISP,HY,2521-30344,15.3,60,23.4,0.5,Forb,sparrow,ground glean,29,Fall,2018,0837
LISP,AHY,2521-30621,17.3,60,23.4,1,Grass,sparrow,ground glean,40,Fall,2019,905
LISP,HY,2521-30550,16.2,64,22.3,1,Grass,sparrow,ground glean,40,Fall,2019,750
LISP,HY,2521-30616,21.2,63,22.6,3.5,Forb,sparrow,ground glean,34,Fall,2019,915
LISP,HY,2521-30309,16.4,62,22.9,0.5,Grass,sparrow,ground glean,41,Fall,2018,0935
LISP,AHY,2521-30317,15.2,61,23.2,0.5,Forb,sparrow,ground glean,40,Fall,2018,0903
LISP,HY,2521-30357,16.7,61,23.2,1,Forb,sparrow,ground glean,38,Fall,2018,0930
LISP,HY,2521-30360,15.6,62,23.0,0.5,Forb,sparrow,ground glean,38,Fall,2018,1005
LISP,HY,2521-30371,16.1,62,23.0,1.5,Forb,sparrow,ground glean,33,Fall,2018,0836
LISP,HY,2521-30381,17.7,62,23.0,0.5,Forb,sparrow,ground glean,34,Fall,2018,0810
LISP,HY,2521-30626,21.8,61,23.3,4,Grass,sparrow,ground glean,40,Fall,2019,952
LISP,HY,2521-30620,16.4,62,23.1,1,Grass,sparrow,ground glean,40,Fall,2019,900
LISP,HY,2521-30547,18.2,65,22.3,2.5,Grass,sparrow,ground glean,40,Fall,2019,815
LISP,AHY,2521-30535,16.7,63,22.9,1,Grass,sparrow,ground glean,40,Fall,2019,845
LISP,HY,2521-30310,15.8,62,23.2,0.5,Grass,sparrow,ground glean,53,Fall,2018,0847
LISP,HY,2521-30343,16.5,62,23.2,2,Forb,sparrow,ground glean,29,Fall,2018,0800
LISP,HY,2521-30362,15.2,62,23.2,0.5,Forb,sparrow,ground glean,38,Fall,2018,1018
LISP,AHY,2521-30529,19.2,65,22.4,3,Forb,sparrow,ground glean,35,Fall,2019,900
LISP,HY,2521-30342,15.8,62,23.3,1,Forb,sparrow,ground glean,29,Fall,2018,0804
LISP,HY,2521-30554,16.1,62,23.3,1,Forb,sparrow,ground glean,40,Fall,2019,1000
LISP,HY,2521-30619,17.2,61,23.6,1,Grass,sparrow,ground glean,40,Fall,2019,858
LISP,HY,2521-30368,18.5,63,23.1,2,Forb,sparrow,ground glean,34,Fall,2018,1007
LISP,HY,2521-30531,17.6,63,23.1,1,Grass,sparrow,ground glean,40,Fall,2019,917
LISP,AHY,2521-30516,18.1,63,23.1,2.5,Grass,sparrow,ground glean,25,Fall,2019,930
LISP,AHY,2521-30340,16.5,63,23.2,0.5,Forb,sparrow,ground glean,29,Fall,2018,0737
LISP,HY,2521-30526,17.4,62,23.5,1,Forb,sparrow,ground glean,35,Fall,2019,800
LISP,HY,2521-30789,18.1,61,23.8,3,Forb,sparrow,ground glean,39,Fall,2017,
LISP,HY,2521-30794,16.8,61,23.8,3,Forb,sparrow,ground glean,34,Fall,2017,0835
LISP,AHY,2521-30332,18.4,63,23.3,2,Grass,sparrow,ground glean,49,Fall,2018,0835
LISP,HY,2521-30609,16.1,63,23.3,1,Forb,sparrow,ground glean,34,Fall,2019,845
LISP,HY,2521-30627,17.1,60,24.2,1,Grass,sparrow,ground glean,40,Fall,2019,1030
LISP,AHY,2521-30327,15.7,63,23.4,1,Forb,sparrow,ground glean,52,Fall,2018,1020
LISP,HY,2521-30356,16.1,63,23.6,1,Grass,sparrow,ground glean,38,Fall,2018,0901
LISP,HY,2521-30367,17.2,63,23.6,0.5,Forb,sparrow,ground glean,34,Fall,2018,0957
LISP,HY,2521-30601,19.7,63,23.6,2.5,Grass,sparrow,ground glean,39,Fall,2019,830
LISP,AHY,2521-30538,17.1,65,23.1,0.5,Forb,sparrow,ground glean,41,Fall,2019,940
LISP,HY,2521-30337,17.1,61,24.3,2,Forb,sparrow,ground glean,55,Fall,2018,0831
LISP,AHY,2521-30540,16.3,65,23.2,0.5,Forb,sparrow,ground glean,41,Fall,2019,930
LISP,HY,2521-30537,16.5,64,23.8,0.5,Forb,sparrow,ground glean,41,Fall,2019,940
LISP,HY,2521-30318,17.6,65,24.3,2,Forb,sparrow,ground glean,52,Fall,2018,0800
LISP,AHY,2521-30377,20.3,63,25.3,3.5,Grass,sparrow,ground glean,31,Fall,2018,0958
LISP,,,17.7,,,,Forb,sparrow,ground glean,50,Spring,2018,0830
LISP,,2521-30338,,,,1,Forb,sparrow,ground glean,55,Fall,2018,0844
LISP,,2521-30541,16,,22.9,1,Forb,sparrow,ground glean,41,Fall,2019,900
LISP,,,,,,,Forb,sparrow,ground glean,35,Fall,2019,
LISP,,,,,,,Grass,sparrow,ground glean,25,Fall,2019,815
LISP,,,16.1,,,,Grass,sparrow,ground glean,25,Fall,2019,930
LISP,,2521-30611,19.6,,23.4,3,Forb,sparrow,ground glean,34,Fall,2019,915
LISP,,2521-30643,16.2,,,2,Grass,sparrow,ground glean,40,Fall,2019,805
LISP,,2521-30646,18.9,,,2,Grass,sparrow,ground glean,40,Fall,2019,805
LISP,,2521-30648,15.8,,,1,Grass,sparrow,ground glean,40,Fall,2019,805
LISP,,2521-30649,17.1,,,2,Grass,sparrow,ground glean,40,Fall,2019,805
LISP,,2521-30650,15.3,,,0.5,Grass,sparrow,ground glean,40,Fall,2019,805
LISP,,2521-30651,18.2,,,3,Grass,sparrow,ground glean,40,Fall,2019,805
LISP,,,,,,,Grass,sparrow,ground glean,40,Fall,2019,x
LISP,,,,,,,Grass,sparrow,ground glean,40,Fall,2019,x
LISP,,,,,,,Grass,sparrow,ground glean,40,Fall,2019,x
LISP,,,,,,,Grass,sparrow,ground glean,40,Fall,2019,x
LISP,,,,,,,Grass,sparrow,ground glean,40,Fall,2019,x
LISP,,,,,,,Grass,sparrow,ground glean,40,Fall,2019,x
LISP,,,,,,,Grass,sparrow,ground glean,40,Fall,2019,x
LISP,,,,,,,Grass,sparrow,ground glean,25,Fall,2019,850
LISP,,,,,,,Grass,sparrow,ground glean,25,Fall,2019,1000
SAVS,HY,2521-30614,16.7,66,20.9,1,Forb,sparrow,ground glean,34,Fall,2019,915
SAVS,,2521-30587,17.5,68,20.4,1,Forb,sparrow,ground glean,56,Spring,2019,0833
SAVS,,2750-20457,15.1,62.5,22,1,Forb,sparrow,ground glean,42,Spring,2018,0830
SAVS,,2521-30578,15.2,66,21,0.5,Forb,sparrow,ground glean,45,Spring,2019,0720
SAVS,,2521-30588,16.9,67,20.8,1,Forb,sparrow,ground glean,56,Spring,2019,0833
SAVS,HY,2521-30347,17.2,65,21.4,0.5,Forb,sparrow,ground glean,29,Fall,2018,0853
SAVS,HY,2521-30515,16.1,67,21.4,1.5,Grass,sparrow,ground glean,25,Fall,2019,930
SAVS,,2521-30598,17.5,66,21.7,1,Forb,sparrow,ground glean,40,Spring,2019,0855
SAVS,,2750-20459,18.8,67,21.7,2,Forb,sparrow,ground glean,48,Spring,2018,0940
SAVS,AHY,2521-30607,15.9,66,22,1,Forb,sparrow,ground glean,34,Fall,2019,845
SAVS,,2750-20456,16.1,64,22.6,3,Forb,sparrow,ground glean,44,Spring,2018,0939
SAVS,HY,2521-30322,15.1,66,22.2,0.5,Forb,sparrow,ground glean,52,Fall,2018,0940
SAVS,,2750-20467,18.3,65,22.5,2,Forb,sparrow,ground glean,49,Spring,2018,0935
SAVS,HY,2521-30324,15.6,65,22.6,1,Forb,sparrow,ground glean,52,Fall,2018,0940
SAVS,HY,2521-30660,16.7,70,21.3,1,Grass,sparrow,ground glean,20,Fall,2019,930
SAVS,AHY,2521-30633,14.8,69,21.6,0.5,Grass,sparrow,ground glean,40,Fall,2019,1054
SAVS,AHY,2521-30624,18.3,68,21.9,1,Grass,sparrow,ground glean,40,Fall,2019,930
SAVS,HY,2521-30642,16.8,69,21.7,1,Forb,sparrow,ground glean,38,Fall,2019,941
SAVS,HY,2521-30632,16,69,21.8,1,Grass,sparrow,ground glean,40,Fall,2019,1048
SAVS,,2521-30583,16.9,69,21.9,1,Forb,sparrow,ground glean,56,Spring,2019,0833
SAVS,HY,2521-30635,16.9,68,22.2,1,Forb,sparrow,ground glean,38,Fall,2019,830
SAVS,HY,2521-30561,16.7,71,21.4,0.5,Forb,sparrow,ground glean,65,Fall,2019,735
SAVS,,2571-30577,18.1,70,21.8,2.5,Forb,sparrow,ground glean,38,Spring,2019,0715
SAVS,AHY,2521-30641,17,70,21.9,1,Forb,sparrow,ground glean,38,Fall,2019,937
SAVS,HY,2521-30637,16.4,72,21.4,1,Forb,sparrow,ground glean,38,Fall,2019,852
SAVS,HY,2521-30629,16.1,69,22.3,1.5,Grass,sparrow,ground glean,40,Fall,2019,1035
SAVS,,2521-30574,18.7,69,22.4,1,Forb,sparrow,ground glean,42,Spring,2019,0720
SAVS,,2521-30585,19,69,22.5,1,Forb,sparrow,ground glean,56,Spring,2019,0833
SAVS,,2521-30575,19.8,69,22.5,2.5,Forb,sparrow,ground glean,28,Spring,2019,0939
SAVS,,2521-30573,18.5,71,22,1,Forb,sparrow,ground glean,38,Spring,2019,0708
SAVS,AHY,2521-30388,18.1,69,22.6,0.5,Forb,sparrow,ground glean,31,Fall,2018,1014
SAVS,,2521-30580,18.6,70,22.4,1,Forb,sparrow,ground glean,38,Spring,2019,0820
SAVS,,2521-30579,17.8,69,22.8,1,Forb,sparrow,ground glean,38,Spring,2019,0820
SAVS,,2521-30584,18.4,70,22.6,1,Forb,sparrow,ground glean,56,Spring,2019,0833
SAVS,AHY,2521-30510,17.5,69,22.9,1,Grass,sparrow,ground glean,25,Fall,2019,930
SAVS,HY,2521-30323,17.0,67,23.8,1,Forb,sparrow,ground glean,52,Fall,2018,0940
SAVS,AHY,2521-30639,17.8,72,22.4,1,Forb,sparrow,ground glean,38,Fall,2019,908
SAVS,AHY,2521-30385,18.0,71,22.8,0.5,Forb,sparrow,ground glean,34,Fall,2018,0920
SAVS,HY,2521-30501,17.5,70,23.1,1,Forb,sparrow,ground glean,49,Fall,2018,0820
SAVS,,2521-30572,19.2,70,23.2,2,Forb,sparrow,ground glean,50,Spring,2019,0818
SAVS,HY,2521-30517,17.2,72,22.8,1,Grass,sparrow,ground glean,25,Fall,2019,840
SAVS,HY,2521-30638,18.4,73,22.6,1.5,Forb,sparrow,ground glean,38,Fall,2019,904
SAVS,HY,2521-30506,18.6,73,22.7,0.5,Grass,sparrow,ground glean,39,Fall,2019,828
SAVS,HY,2521-30319,17.5,70,23.6,0,Forb,sparrow,ground glean,52,Fall,2018,0750
SAVS,AHY,2521-30513,18.6,73,22.9,1,Grass,sparrow,ground glean,25,Fall,2019,930
SAVS,,2521-30589,17.6,72,23.3,1.5,Forb,sparrow,ground glean,40,Spring,2019,0922
SAVS,,2750-20454,,,,2.5,Forb,sparrow,ground glean,50,Spring,2018,0830
SAVS,,,17.2,,,,Forb,sparrow,ground glean,56,Spring,2019,0833
SAVS,,2521-30582,17.9,,,0.5,Forb,sparrow,ground glean,56,Spring,2019,0956
SOSP,HY,2571-58248,19.5,64,21.5,1,Forb,sparrow,ground glean,34,Fall,2018,0840
SOSP,,2571-58205,20.7,59,23.1,2,Forb,sparrow,ground glean,44,Spring,2018,1026
SOSP,HY,2571-58220,18.8,62,22.4,0,Forb,sparrow,ground glean,70,Fall,2018,0950
SOSP,HY,2571-58136,20.7,62,22.6,1,Grass,sparrow,ground glean,20,Fall,2019,930
SOSP,AHY,2571-58131,18.4,61,23,1,Forb,sparrow,ground glean,25,Fall,2019,1020
SOSP,HY,2571-58129,19.3,66,21.6,1,Grass,sparrow,ground glean,25,Fall,2019,948
SOSP,,2571-58206,19.1,59,23.7,1,Forb,sparrow,ground glean,42,Spring,2018,0940
SOSP,AHY,2571-58267,20.6,62,22.9,0.5,Forb,sparrow,ground glean,49,Fall,2018,1045
SOSP,,2571-58222,20.1,60,23.5,0.5,Forb,sparrow,ground glean,41,Fall,2018,0830
SOSP,,2571-58279,16.5,63,22.8,1,Forb,sparrow,ground glean,40,Spring,2019,0825
SOSP,AHY,2571-58259,19.3,60,23.7,1,Forb,sparrow,ground glean,31,Fall,2018,1110
SOSP,,2571-58280,20.6,63,22.9,1,Forb,sparrow,ground glean,40,Spring,2019,0825
SOSP,,2571-58134,19.7,63,22.9,1,Grass,sparrow,ground glean,20,Fall,2019,930
SOSP,,2571-58283,19.4,62,23.2,0.5,Grass,sparrow,ground glean,34,Spring,2019,0815
SOSP,HY,2571-58135,19.4,62,23.2,1,Grass,sparrow,ground glean,20,Fall,2019,930
SOSP,HY,2571-58251,18.7,59,24.1,1,Forb,sparrow,ground glean,34,Fall,2018,0920
SOSP,,2571-58209,19.1,63,23,0.5,Forb,sparrow,ground glean,49,Spring,2018,0728
SOSP,,2571-58114,19.9,61,23.6,1,Grass,sparrow,ground glean,40,Fall,2019,910
SOSP,HY,2571-58092,18.6,63,23.2,2,Forb,sparrow,ground glean,34,Fall,2017,0755
SOSP,HY,2571-58109,20.2,63,23.2,2,Grass,sparrow,ground glean,25,Fall,2019,930
SOSP,HY,2571-58122,19.5,63,23.2,1.5,Grass,sparrow,ground glean,40,Fall,2019,805
SOSP,HY,2571-58274,22,61,23.8,1,Forb,sparrow,ground glean,54,Fall,2019,842
SOSP,HY,2571-58271,20.1,66,22.4,1,Forb,sparrow,ground glean,28,Fall,2018,0920
SOSP,AHY,2571-58269,20.2,63,23.3,1,Grass,sparrow,ground glean,28,Fall,2018,0843
SOSP,,2571-58284,20.6,62,23.6,1.5,Grass,sparrow,ground glean,34,Spring,2019,0815
SOSP,HY,2571-58275,20.4,64,23.1,0.5,Grass,sparrow,ground glean,33,Fall,2018,0942
SOSP,HY,2571-58219,19.0,63,23.5,0.5,Forb,sparrow,ground glean,46,Fall,2018,0957
SOSP,HY,2571-58137,20.7,66,22.7,1,Grass,sparrow,ground glean,20,Fall,2019,930
SOSP,AHY,2571-58104,21.2,64,23.3,1,Forb,sparrow,ground glean,35,Fall,2019,848
SOSP,,2571-58265,21.6,63,23.6,1,Forb,sparrow,ground glean,49,Fall,2018,0820
SOSP,AHY,2571-58085,20,64,23.4,0.5,Forb,sparrow,ground glean,39,Fall,2017,
SOSP,,2571-58202,20.1,63,23.7,0.5,Forb,sparrow,ground glean,28,Spring,2018,
SOSP,AHY,2571-58119,19.6,63,23.7,1.5,Grass,sparrow,ground glean,40,Fall,2019,1039
SOSP,HY,2571-58256,19.4,63,23.8,0.5,Forb,sparrow,ground glean,31,Fall,2018,0900
SOSP,HY,2571-58112,18.9,64,23.6,1.5,Grass,sparrow,ground glean,40,Fall,2019,850
SOSP,HY,2571-58237,18.7,63,23.9,0.5,Forb,sparrow,ground glean,34,Fall,2018,0820
SOSP,AHY,2571-58101,20.2,66,23.1,0,Forb,sparrow,ground glean,63,Fall,2019,820
SOSP,HY,2571-58102,19.8,62,24.3,1.5,Grass,sparrow,ground glean,40,Fall,2019,815
SOSP,,2571-58282,21.9,67,22.9,2.5,Grass,sparrow,ground glean,40,Spring,2019,0830
SOSP,AHY,2571-58230,20.2,66,23.2,0.5,Forb,sparrow,ground glean,45,Fall,2018,0830
SOSP,AHY,2571-58239,20.7,65,23.5,2,Forb,sparrow,ground glean,33,Fall,2018,0815
SOSP,,2571-58204,20.4,63,24.1,2.5,Forb,sparrow,ground glean,41,Spring,2018,0730
SOSP,HY,2571-58117,20.2,65,23.8,2,Grass,sparrow,ground glean,40,Fall,2019,930
SOSP,,2571-58214,19.7,64,24.1,0,Forb,sparrow,ground glean,67,Spring,2018,0759
SOSP,AHY,2571-58266,19.6,66,23.6,1.5,Forb,sparrow,ground glean,49,Fall,2018,0820
SOSP,HY,2571-58252,19.8,64,24.2,0,Forb,sparrow,ground glean,31,Fall,2018,0810
SOSP,HY,2571-58254,21.9,64,24.2,2,Forb,sparrow,ground glean,31,Fall,2018,0900
SOSP,,2571-58278,20.2,65,24,1,Forb,sparrow,ground glean,40,Spring,2019,0747
SOSP,HY,2571-58247,19.6,63,24.6,1,Forb,sparrow,ground glean,34,Fall,2018,0840
SOSP,AHY,2571-58249,20.6,63,24.6,1,Forb,sparrow,ground glean,34,Fall,2018,0920
SOSP,,2571-58276,22.5,66,23.8,3,Forb,sparrow,ground glean,49,Spring,2019,0830
SOSP,,2571-58132,21.6,66,23.8,0.5,Grass,sparrow,ground glean,20,Fall,2019,823
SOSP,HY,2571-58272,20.4,65,24.1,0.5,Forb,sparrow,ground glean,33,Fall,2018,0910
SOSP,HY,2571-58115,21.5,65,24.1,2,Grass,sparrow,ground glean,40,Fall,2019,930
SOSP,HY,2571-58264,21.6,67,23.6,2,Forb,sparrow,ground glean,35,Fall,2018,0950
SOSP,HY,2571-58128,21.9,67,23.6,1,Grass,sparrow,ground glean,25,Fall,2019,920
SOSP,AHY,2571-58133,21.5,67,23.6,2,Grass,sparrow,ground glean,20,Fall,2019,920
SOSP,HY,2571-58244,20.9,65,24.2,0.5,Forb,sparrow,ground glean,34,Fall,2018,0745
SOSP,HY,2571-58083,21.4,65,24.3,0,Forb,sparrow,ground glean,39,Fall,2017,
SOSP,,2571-58286,20.2,64,24.6,1.5,Forb,sparrow,ground glean,38,Spring,2019,0720
SOSP,AHY,2571-58111,21.9,69,23.2,2,Grass,sparrow,ground glean,40,Fall,2019,823
SOSP,,2571-58203,19.2,65,24.5,2,Forb,sparrow,ground glean,36,Spring,2018,
SOSP,HY,2571-58088,21.8,69,23.4,1,Forb,sparrow,ground glean,45,Fall,2017,0800
SOSP,HY,2571-58274,21.0,66,24.3,1,Forb,sparrow,ground glean,33,Fall,2018,0852
SOSP,,2571-58113,22.7,65,24.6,0,Grass,sparrow,ground glean,40,Fall,2019,906
SOSP,HY,2571-58110,22.8,68,23.8,0.5,Forb,sparrow,ground glean,34,Fall,2019,1000
SOSP,HY,2571-58243,19.9,66,24.4,1,Grass,sparrow,ground glean,24,Fall,2018,0938
SOSP,AHY,2571-58241,19.4,67,24.2,0.5,Grass,sparrow,ground glean,24,Fall,2018,0810
SOSP,HY,2571-58260,23.6,67,24.2,2,Forb,sparrow,ground glean,35,Fall,2018,0910
SOSP,AHY,2571-58118,21.1,67,24.2,1,Grass,sparrow,ground glean,40,Fall,2019,1022
SOSP,,2571-58099,19.2,66,24.5,2,Forb,sparrow,ground glean,32,Spring,2018,
SOSP,AHY,2571-58255,22.5,65,24.8,1.5,Forb,sparrow,ground glean,31,Fall,2018,0900
SOSP,AHY,2571-58233,20.9,69,23.7,0.5,Forb,sparrow,ground glean,38,Fall,2018,0823
SOSP,HY,2571-58236,20.4,67,24.3,2,Grass,sparrow,ground glean,34,Fall,2018,0811
SOSP,,2571-58207,19.7,66,24.6,2,Forb,sparrow,ground glean,46,Spring,2018,1000
SOSP,HY,2571-58096,22.3,67,24.4,1.5,Forb,sparrow,ground glean,33,Fall,2017,1019
SOSP,HY,2571-58242,21.6,69,23.9,1.5,Grass,sparrow,ground glean,24,Fall,2018,0815
SOSP,,2571-58098,20,66,24.8,2,Forb,sparrow,ground glean,32,Spring,2018,0705
SOSP,HY,2571-58235,22.2,66,24.9,0.5,Forb,sparrow,ground glean,38,Fall,2018,1009
SOSP,,2571-58285,20.3,69,24.1,1,Forb,sparrow,ground glean,45,Spring,2019,0800
SOSP,HY,2571-58094,21.5,68,24.4,1,Forb,sparrow,ground glean,33,Fall,2017,0915
SOSP,AHY,2571-58084,23.5,66,25,0.5,Forb,sparrow,ground glean,39,Fall,2017,
SOSP,AHY,2571-58246,22.3,69,24.2,1.5,Forb,sparrow,ground glean,34,Fall,2018,0810
SOSP,HY,2571-58095,20.4,67,25,0.5,Forb,sparrow,ground glean,33,Fall,2017,1003
SOSP,HY,2571-58218,21.7,68,24.8,0,Forb,sparrow,ground glean,47,Fall,2018,0935
SOSP,AHY,2571-58268,24.6,69,24.6,2.5,Forb,sparrow,ground glean,49,Fall,2018,1045
SOSP,,2571-58277,24.2,69,24.6,2,Grass,sparrow,ground glean,21,Spring,2019,0923
SOSP,AHY,2571-58090,31.8,69,24.7,0,Forb,sparrow,ground glean,45,Fall,2017,
SOSP,AHY,2571-58087,19.9,68,25.2,1,Forb,sparrow,ground glean,39,Fall,2017,
SOSP,HY,2571-58225,21.4,69,25.2,0,Forb,sparrow,ground glean,40,Fall,2018,0903
SOSP,AHY,2571-58258,23.5,70,25.1,1.5,Forb,sparrow,ground glean,31,Fall,2018,1008
SOSP,HY,2571-58093,21.8,69,25.5,1,Forb,sparrow,ground glean,34,Fall,2017,0936
SOSP,HY,2571-58232,21.7,69,25.6,0.5,Forb,sparrow,ground glean,29,Fall,2018,0832
SOSP,HY,2571-58097,20.8,69.5,25.7,1,Forb,sparrow,ground glean,35,Fall,2017,0828
SOSP,,2571-58201,20.4,,24.7,,Forb,sparrow,ground glean,28,Spring,2018,
SOSP,HY,2571-58224,18.2,,,0.5,Grass,sparrow,ground glean,53,Fall,2018,0940
SOSP,AHY,2571-58228,22.3,,,1,Forb,sparrow,ground glean,52,Fall,2018,1020
SOSP,,2571-58234,19.6,,22.5,1,Forb,sparrow,ground glean,38,Fall,2018,0937
SOSP,,,,,,,Grass,sparrow,ground glean,24,Fall,2018,0938
SOSP,AHY,2571-58223,23.6,,,0,Forb,sparrow,ground glean,34,Fall,2018,0920
SOSP,,,,,,,Forb,sparrow,ground glean,35,Fall,2019,800
SOSP,,2571-58124,19.3,,,1.5,Grass,sparrow,ground glean,40,Fall,2019,805
SOSP,,2571-58125,18.6,,,1,Grass,sparrow,ground glean,40,Fall,2019,805
SOSP,,2571-58126,22.4,,,1,Grass,sparrow,ground glean,40,Fall,2019,805
SOSP,,2571-58127,20.8,,,,Grass,sparrow,ground glean,40,Fall,2019,805
SOSP,,,20.4,,,2,Grass,sparrow,ground glean,40,Fall,2019,805
SOSP,,,,,,,Grass,sparrow,ground glean,40,Fall,2019,
SOSP,,,,,,,Grass,sparrow,ground glean,40,Fall,2019,
SOSP,,,,,,,Grass,sparrow,ground glean,40,Fall,2019,
SOSP,,,,,,,Grass,sparrow,ground glean,40,Fall,2019,
SWSP,HY,2521-30618,14.2,56,21.1,1.5,Grass,sparrow,ground glean,40,Fall,2019,831
SWSP,,2750-20713,16.6,52,23.3,2.5,Forb,sparrow,ground glean,38,Spring,2019,0650
SWSP,HY,2521-30363,15.0,55,23.0,0.5,Forb,sparrow,ground glean,38,Fall,2018,1023
SWSP,HY,2521-30602,16,59,22.3,0.5,Grass,sparrow,ground glean,39,Fall,2019,830
SWSP,AHY,2521-30373,16.3,56,23.3,2,Grass,sparrow,ground glean,31,Fall,2018,0820
SWSP,HY,2521-30350,15.8,56,23.4,1,Forb,sparrow,ground glean,29,Fall,2018,0946
SWSP,HY,2521-30393,16.7,58,22.9,2,Forb,sparrow,ground glean,35,Fall,2018,0806
SWSP,HY,2521-30528,15.1,60,22.4,0.5,Forb,sparrow,ground glean,35,Fall,2019,915
SWSP,HY,2521-30787,16,55,23.9,2,Forb,sparrow,ground glean,39,Fall,2017,
SWSP,,2521-30581,19.3,57,23.5,3,Forb,sparrow,ground glean,34,Spring,2019,0830
SWSP,HY,2521-30503,17.6,56,24.1,2,Forb,sparrow,ground glean,49,Fall,2018,1045
SWSP,AHY,2521-30358,16.0,58,23.6,1.5,Forb,sparrow,ground glean,38,Fall,2018,0930
SWSP,HY,2521-30392,14.8,56,24.3,1,Forb,sparrow,ground glean,31,Fall,2018,1107
SWSP,HY,2521-30375,17.2,60,23.2,2,Grass,sparrow,ground glean,31,Fall,2018,0840
SWSP,AHY,2521-30387,16.9,60,23.3,1.5,Forb,sparrow,ground glean,31,Fall,2018,0835
SWSP,AHY,2521-30656,15.5,59,23.6,1,Grass,sparrow,ground glean,25,Fall,2019,1000
SWSP,,2521-30797,15.9,62,22.8,2,Forb,sparrow,ground glean,29,Spring,2018,0930
SWSP,HY,2521-30507,16.8,62,22.8,1,Grass,sparrow,ground glean,39,Fall,2019,815
SWSP,HY,2521-30653,16.7,62,22.8,1,Grass,sparrow,ground glean,25,Fall,2019,910
SWSP,HY,2521-30339,17.0,59,23.8,2,Forb,sparrow,ground glean,55,Fall,2018,0915
SWSP,HY,2521-30348,15.1,62,23.0,0.5,Forb,sparrow,ground glean,29,Fall,2018,0853
SWSP,HY,2521-30396,17.2,62,23.0,1,Forb,sparrow,ground glean,35,Fall,2018,0903
SWSP,HY,2521-30792,16,59,24.4,1,Forb,sparrow,ground glean,45,Fall,2017,
SWSP,AHY,2521-30380,18.2,62,23.6,2,Grass,sparrow,ground glean,24,Fall,2018,0945
SWSP,HY,2521-30391,17.1,60,24.2,1.5,Forb,sparrow,ground glean,34,Fall,2018,0920
SWSP,HY,2521-30596,15.3,61,24.2,1,Forb,sparrow,ground glean,28,Fall,2018,0915
SWSP,HY,2521-30351,16.1,61,24.3,1,Forb,sparrow,ground glean,29,Fall,2018,0953
SWSP,HY,2521-30502,17.3,62,24.1,1.5,Forb,sparrow,ground glean,49,Fall,2018,0820
SWSP,AHY,2521-30333,17.8,59,25.1,2.5,Grass,sparrow,ground glean,49,Fall,2018,0945
SWSP,HY,2521-30397,19.9,62,24.3,1,Forb,sparrow,ground glean,35,Fall,2018,0907
SWSP,HY,2521-30382,16.7,63,24.2,1,Forb,sparrow,ground glean,31,Fall,2018,0830
SWSP,AHY,2521-30354,17.7,63,24.6,1.5,Forb,sparrow,ground glean,38,Fall,2018,0834
SWSP,,,17.4,,,2,Forb,sparrow,ground glean,34,Fall,2017,0750
SWSP,,,,,,,Grass,sparrow,ground glean,40,Fall,2019,820
SWSP,,,,,,,Grass,sparrow,ground glean,40,Fall,2019,x
YEWA,,2750-20478,7.9,54.5,20.1,0.5,Forb,warbler,foliage glean,61,Spring,2018,0910
YEWA,HY,2750-20801,10.2,61,19.1,2,Forb,warbler,foliage glean,70,Fall,2019,740
YEWA,HY,2750-20517,10.9,57,20.8,2,Forb,warbler,foliage glean,70,Fall,2018,0950
YEWA,AHY,2750-20495,10.1,60,20.4,2,Forb,warbler,foliage glean,66,Fall,2018,
YEWA,,2750-20732,8.5,58,21,1,Forb,warbler,foliage glean,48,Spring,2019,0915
YEWA,HY,2750-20497,8.3,60,20.6,0.5,Forb,warbler,foliage glean,66,Fall,2018,
YEWA,AHY,2750-20494,9,62,20.3,0.5,Forb,warbler,foliage glean,66,Fall,2018,
YEWA,AHY,2750-20784,10.1,60,20.9,2,Forb,warbler,foliage glean,54,Fall,2019,748
YEWA,AHY,2750-20491,11,61,20.7,1.5,Forb,warbler,foliage glean,66,Fall,2018,
YEWA,HY,2750-20500,8.7,60,21,1,Forb,warbler,foliage glean,66,Fall,2018,
YEWA,HY,2750-20519,12.0,63,20.5,3,Forb,warbler,foliage glean,65,Fall,2018,0842
YEWA,AHY,2750-20507,10.0,62,20.9,2,Forb,warbler,foliage glean,56,Fall,2018,1000
YEWA,AHY,2750-20502,11.5,61,21.2,2,Forb,warbler,foliage glean,63,Fall,2018,
YEWA,,2750-20490,10.1,62,21,0,Forb,warbler,foliage glean,66,Fall,2018,0910
YEWA,HY,2750-20501,,60.5,21.5,2,Forb,warbler,foliage glean,63,Fall,2018,
YEWA,,2750-20493,,,,,Forb,warbler,foliage glean,66,Fall,2018,
YEWA,,2750-20503,7.2,,,2,Forb,warbler,foliage glean,63,Fall,2018,
,,,,,,,,,,,,,
,,,,,,,,,,,,,